"branch","customer_type","product_line","total_amount","cumulative_revenue","total_revenue","cumulative_percentage"
A,Member,Electronic accessories,250.70850000000002,250.70850000000002,9145.6895,2.7412750017371574
A,Member,Electronic accessories,142.002,392.7105,9145.6895,4.293940877831027
A,Member,Electronic accessories,135.45,528.1605,9145.6895,5.774966447308318
A,Member,Electronic accessories,87.234,615.3945,9145.6895,6.728792837325168
A,Member,Electronic accessories,203.175,818.5695000000001,9145.6895,8.950331191541109
A,Member,Electronic accessories,680.6099999999999,1499.1795,9145.6895,16.392197657705303
A,Member,Electronic accessories,65.604,1564.7835,9145.6895,17.10951918934051
A,Member,Electronic accessories,298.11600000000004,1862.8995,9145.6895,20.36915314039472
A,Member,Electronic accessories,43.869,1906.7685,9145.6895,20.84882173181147
A,Member,Electronic accessories,152.712,2059.4804999999997,9145.6895,22.518591955259353
A,Member,Electronic accessories,433.692,2493.1724999999997,9145.6895,27.260629173995024
A,Member,Electronic accessories,69.66749999999999,2562.8399999999997,9145.6895,28.022381472714546
A,Member,Electronic accessories,530.6700000000001,3093.5099999999998,9145.6895,33.82478707592249
A,Member,Electronic accessories,779.3100000000001,3872.8199999999997,9145.6895,42.34585046868254
A,Member,Electronic accessories,75.5475,3948.3675,9145.6895,43.17189535026309
A,Member,Electronic accessories,37.611,3985.9784999999997,9145.6895,43.58313826420632
A,Member,Electronic accessories,83.41199999999999,4069.3904999999995,9145.6895,44.49517447536349
A,Member,Electronic accessories,149.363,4218.7535,9145.6895,46.1283263552737
A,Member,Electronic accessories,80.66099999999999,4299.4145,9145.6895,47.010282822306614
A,Member,Electronic accessories,76.923,4376.3375,9145.6895,47.8513675759493
A,Member,Electronic accessories,338.31,4714.6475,9145.6895,51.55048725413212
A,Member,Electronic accessories,931.0350000000001,5645.6825,9145.6895,61.7305289010741
A,Member,Electronic accessories,203.112,5848.7945,9145.6895,63.951378406187956
A,Member,Electronic accessories,185.367,6034.1615,9145.6895,65.97820208088193
A,Member,Electronic accessories,469.41300000000007,6503.574500000001,9145.6895,71.11081674049835
A,Member,Electronic accessories,408.40799999999996,6911.982500000001,9145.6895,75.5763958529316
A,Member,Electronic accessories,326.424,7238.406500000001,9145.6895,79.1455526671882
A,Member,Electronic accessories,295.40700000000004,7533.813500000001,9145.6895,82.37556610685286
A,Member,Electronic accessories,182.91000000000003,7716.723500000001,9145.6895,84.37552466656561
A,Member,Electronic accessories,657.5310000000001,8374.254500000001,9145.6895,91.56504274500026
A,Member,Electronic accessories,771.4350000000001,9145.6895,9145.6895,100.0
A,Member,Fashion accessories,45.108000000000004,45.108000000000004,6942.579500000001,0.6497296862066901
A,Member,Fashion accessories,93.744,138.852,6942.579500000001,2.0000059055859567
A,Member,Fashion accessories,202.33499999999998,341.187,6942.579500000001,4.914412575325929
A,Member,Fashion accessories,32.151,373.338,6942.579500000001,5.3775113414257625
A,Member,Fashion accessories,189.094,562.432,6942.579500000001,8.101196392493597
A,Member,Fashion accessories,452.865,1015.297,6942.579500000001,14.62420415927538
A,Member,Fashion accessories,536.592,1551.8890000000001,6942.579500000001,22.35320459780115
A,Member,Fashion accessories,728.1120000000001,2280.001,6942.579500000001,32.84083387161789
A,Member,Fashion accessories,58.222500000000004,2338.2235,6942.579500000001,33.67946308717098
A,Member,Fashion accessories,206.43,2544.6535,6942.579500000001,36.65285359713921
A,Member,Fashion accessories,431.25600000000003,2975.9094999999998,6942.579500000001,42.86460817625494
A,Member,Fashion accessories,394.328,3370.2374999999997,6942.579500000001,48.54445671093863
A,Member,Fashion accessories,277.673,3647.9105,6942.579500000001,52.544022002196726
A,Member,Fashion accessories,588.42,4236.3305,6942.579500000001,61.01954612114992
A,Member,Fashion accessories,94.185,4330.5155,6942.579500000001,62.37617444639993
A,Member,Fashion accessories,507.675,4838.190500000001,6942.579500000001,69.6886582285446
A,Member,Fashion accessories,316.46999999999997,5154.660500000001,6942.579500000001,74.24705039387739
A,Member,Fashion accessories,20.685,5175.345500000001,6942.579500000001,74.54499440733808
A,Member,Fashion accessories,462.67199999999997,5638.017500000001,6942.579500000001,81.20926090943576
A,Member,Fashion accessories,130.032,5768.049500000001,6942.579500000001,83.08222469760699
A,Member,Fashion accessories,649.299,6417.348500000001,6942.579500000001,92.43464190795366
A,Member,Fashion accessories,525.231,6942.579500000001,6942.579500000001,100.0
A,Member,Food and beverages,305.55,305.55,8877.058,3.4420187408936607
A,Member,Food and beverages,331.12800000000004,636.6780000000001,8877.058,7.172173483602338
A,Member,Food and beverages,234.09750000000003,870.7755000000002,8877.058,9.809280281823101
A,Member,Food and beverages,186.228,1057.0035000000003,8877.058,11.907137477303856
A,Member,Food and beverages,167.03400000000002,1224.0375000000004,8877.058,13.78877438899239
A,Member,Food and beverages,74.45550000000001,1298.4930000000004,8877.058,14.627515106919436
A,Member,Food and beverages,197.925,1496.4180000000003,8877.058,16.85713893048801
A,Member,Food and beverages,308.574,1804.9920000000004,8877.058,20.33322301149773
A,Member,Food and beverages,450.104,2255.0960000000005,8877.058,25.403641611894393
A,Member,Food and beverages,76.356,2331.452,8877.058,26.26379144982493
A,Member,Food and beverages,92.295,2423.7470000000003,8877.058,27.303494017950545
A,Member,Food and beverages,932.337,3356.0840000000003,8877.058,37.80626419248359
A,Member,Food and beverages,96.1905,3452.2745000000004,8877.058,38.88984954249483
A,Member,Food and beverages,49.308,3501.5825000000004,8877.058,39.44530383827615
A,Member,Food and beverages,708.225,4209.807500000001,8877.058,47.42345380643002
A,Member,Food and beverages,313.73999999999995,4523.547500000001,8877.058,50.95773284347134
A,Member,Food and beverages,269.535,4793.0825,8877.058,53.994042846177194
A,Member,Food and beverages,175.014,4968.096500000001,8877.058,55.96557440539422
A,Member,Food and beverages,175.917,5144.013500000001,8877.058,57.94727825367369
A,Member,Food and beverages,680.064,5824.077500000001,8877.058,65.60819474199674
A,Member,Food and beverages,362.94300000000004,6187.020500000001,8877.058,69.6967452505098
A,Member,Food and beverages,262.45799999999997,6449.478500000001,8877.058,72.6533328947496
A,Member,Food and beverages,33.432,6482.910500000001,8877.058,73.0299441549216
A,Member,Food and beverages,484.523,6967.433500000001,8877.058,78.48809256400037
A,Member,Food and beverages,507.906,7475.339500000001,8877.058,84.2096503143271
A,Member,Food and beverages,523.845,7999.184500000001,8877.058,90.11076079484893
A,Member,Food and beverages,620.739,8619.9235,8877.058,97.1033815482562
A,Member,Food and beverages,74.70750000000001,8694.631000000001,8877.058,97.94496104452624
A,Member,Food and beverages,182.42700000000002,8877.058,8877.058,100.0
A,Member,Health and beauty,489.048,489.048,6438.8945,7.595216849724747
A,Member,Health and beauty,290.083,779.1310000000001,6438.8945,12.100384623478456
A,Member,Health and beauty,110.0925,889.2235000000001,6438.8945,13.810189000611828
A,Member,Health and beauty,545.37,1434.5935,6438.8945,22.28012122267262
A,Member,Health and beauty,503.738,1938.3315,6438.8945,30.10348282612799
A,Member,Health and beauty,390.8,2329.1315,6438.8945,36.17284768371341
A,Member,Health and beauty,74.08800000000001,2403.2195,6438.8945,37.32347998557827
A,Member,Health and beauty,19.246,2422.4655000000002,6438.8945,37.62238222725966
A,Member,Health and beauty,374.409,2796.8745000000004,6438.8945,43.43718475275531
A,Member,Health and beauty,146.94750000000002,2943.8220000000006,6438.8945,45.719369994336766
A,Member,Health and beauty,326.25600000000003,3270.0780000000004,6438.8945,50.78632675220879
A,Member,Health and beauty,95.865,3365.943,6438.8945,52.27516928565921
A,Member,Health and beauty,200.214,3566.157,6438.8945,55.38461610141306
A,Member,Health and beauty,56.122499999999995,3622.2795,6438.8945,56.2562331157934
A,Member,Health and beauty,145.583,3767.8625,6438.8945,58.51722683140716
A,Member,Health and beauty,506.636,4274.498500000001,6438.8945,66.3855961609559
A,Member,Health and beauty,76.146,4350.6445,6438.8945,67.56819047120588
A,Member,Health and beauty,628.929,4979.5735,6438.8945,77.3358454622917
A,Member,Health and beauty,510.615,5490.1885,6438.8945,85.26601111417494
A,Member,Health and beauty,548.971,6039.1595,6438.8945,93.79186908560156
A,Member,Health and beauty,233.1,6272.2595,6438.8945,97.41205574963216
A,Member,Health and beauty,166.635,6438.8945,6438.8945,100.0
A,Member,Home and lifestyle,93.114,93.114,12556.2985,0.7415720484822815
A,Member,Home and lifestyle,203.553,296.66700000000003,12556.2985,2.362694706564996
A,Member,Home and lifestyle,843.034,1139.701,12556.2985,9.076727508508977
A,Member,Home and lifestyle,297.108,1436.809,12556.2985,11.442934396629706
A,Member,Home and lifestyle,100.128,1536.937,12556.2985,12.240366856522245
A,Member,Home and lifestyle,255.18150000000003,1792.1185,12556.2985,14.272665626737052
A,Member,Home and lifestyle,263.13,2055.2485,12556.2985,16.368267288325455
A,Member,Home and lifestyle,228.123,2283.3715,12556.2985,18.18506863308482
A,Member,Home and lifestyle,441.75600000000003,2725.1275,12556.2985,21.70327107148655
A,Member,Home and lifestyle,216.846,2941.9735,12556.2985,23.430260916463556
A,Member,Home and lifestyle,252.042,3194.0155,12556.2985,25.437556298936343
A,Member,Home and lifestyle,951.825,4145.8405,12556.2985,33.0180148233972
A,Member,Home and lifestyle,147.672,4293.5125,12556.2985,34.19409390434609
A,Member,Home and lifestyle,216.846,4510.3585,12556.2985,35.9210837493231
A,Member,Home and lifestyle,697.3679999999999,5207.726500000001,12556.2985,41.475013516124996
A,Member,Home and lifestyle,276.948,5484.674500000001,12556.2985,43.68066353312643
A,Member,Home and lifestyle,399.75600000000003,5884.430500000001,12556.2985,46.864372490029616
A,Member,Home and lifestyle,79.149,5963.579500000002,12556.2985,47.49472545591363
A,Member,Home and lifestyle,235.87199999999999,6199.451500000002,12556.2985,49.37324084800947
A,Member,Home and lifestyle,548.762,6748.213500000002,12556.2985,53.74365303596439
A,Member,Home and lifestyle,667.38,7415.593500000002,12556.2985,59.058754456976324
A,Member,Home and lifestyle,494.76,7910.353500000002,12556.2985,62.99908766902922
A,Member,Home and lifestyle,182.952,8093.305500000002,12556.2985,64.4561412744369
A,Member,Home and lifestyle,163.233,8256.538500000002,12556.2985,65.756150190281
A,Member,Home and lifestyle,373.16999999999996,8629.708500000002,12556.2985,68.7281247733956
A,Member,Home and lifestyle,97.818,8727.526500000002,12556.2985,69.50716009180573
A,Member,Home and lifestyle,764.1899999999999,9491.716500000002,12556.2985,75.59326898767182
A,Member,Home and lifestyle,493.794,9985.510500000002,12556.2985,79.52590884965025
A,Member,Home and lifestyle,118.902,10104.412500000002,12556.2985,80.47285989577264
A,Member,Home and lifestyle,458.692,10563.104500000001,12556.2985,84.12594284852341
A,Member,Home and lifestyle,745.836,11308.9405,12556.2985,90.06587809297461
A,Member,Home and lifestyle,759.675,12068.6155,12556.2985,96.1160289395796
A,Member,Home and lifestyle,319.78800000000007,12388.4035,12556.2985,98.66286230770956
A,Member,Home and lifestyle,167.89499999999998,12556.2985,12556.2985,100.0
A,Member,Sports and travel,510.972,510.972,9676.957,5.280296274955029
A,Member,Sports and travel,328.75499999999994,839.7269999999999,9676.957,8.677593586496249
A,Member,Sports and travel,921.186,1760.913,9676.957,18.196970390588692
A,Member,Sports and travel,561.078,2321.991,9676.957,23.995053403668116
A,Member,Sports and travel,113.568,2435.559,9676.957,25.168645473985265
A,Member,Sports and travel,166.005,2601.5640000000003,9676.957,26.884112433278354
A,Member,Sports and travel,723.24,3324.804,9676.957,34.35794950830101
A,Member,Sports and travel,345.786,3670.59,9676.957,37.931242228316194
A,Member,Sports and travel,548.73,4219.32,9676.957,43.60172314499279
A,Member,Sports and travel,168.20999999999998,4387.53,9676.957,45.33997619292924
A,Member,Sports and travel,150.423,4537.9529999999995,9676.957,46.89442145914257
A,Member,Sports and travel,432.76800000000003,4970.721,9676.957,51.36657112354637
A,Member,Sports and travel,233.51999999999998,5204.241,9676.957,53.7797264160624
A,Member,Sports and travel,365.904,5570.145,9676.957,57.560915068652264
A,Member,Sports and travel,279.184,5849.329000000001,9676.957,60.445954239540384
A,Member,Sports and travel,47.858999999999995,5897.188000000001,9676.957,60.940520868285354
A,Member,Sports and travel,92.44200000000001,5989.630000000001,9676.957,61.8958005083623
A,Member,Sports and travel,479.902,6469.532000000001,9676.957,66.85502477690044
A,Member,Sports and travel,580.419,7049.951000000001,9676.957,72.85297433893734
A,Member,Sports and travel,146.633,7196.584000000001,9676.957,74.36825440063441
A,Member,Sports and travel,462.21000000000004,7658.794000000001,9676.957,79.1446526010191
A,Member,Sports and travel,26.796,7685.590000000001,9676.957,79.42155783062796
A,Member,Sports and travel,162.75,7848.340000000001,9676.957,81.10338818287609
A,Member,Sports and travel,82.887,7931.227000000001,9676.957,81.95992810549846
A,Member,Sports and travel,257.145,8188.372000000001,9676.957,84.6172200620505
A,Member,Sports and travel,161.55300000000003,8349.925000000001,9676.957,86.28668082332081
A,Member,Sports and travel,236.88000000000002,8586.805,9676.957,88.73455777472195
A,Member,Sports and travel,807.6600000000001,9394.465,9676.957,97.0807765292333
A,Member,Sports and travel,282.492,9676.957,9676.957,100.0
A,Normal,Electronic accessories,49.4235,49.4235,9171.424999999997,0.5388857238651573
A,Normal,Electronic accessories,731.692,781.1155,9171.424999999997,8.516838986308018
A,Normal,Electronic accessories,416.178,1197.2935,9171.424999999997,13.054607108491869
A,Normal,Electronic accessories,88.70400000000001,1285.9975,9171.424999999997,14.021785055212252
A,Normal,Electronic accessories,210.96599999999998,1496.9634999999998,9171.424999999997,16.32203828739809
A,Normal,Electronic accessories,575.316,2072.2794999999996,9171.424999999997,22.59495661797376
A,Normal,Electronic accessories,246.4875,2318.767,9171.424999999997,25.28251607574614
A,Normal,Electronic accessories,422.72999999999996,2741.497,9171.424999999997,29.891723478085478
A,Normal,Electronic accessories,548.1629999999999,3289.66,9171.424999999997,35.8685809457091
A,Normal,Electronic accessories,30.408,3320.0679999999998,9171.424999999997,36.20013247668711
A,Normal,Electronic accessories,214.998,3535.066,9171.424999999997,38.544348342814786
A,Normal,Electronic accessories,756.168,4291.2339999999995,9171.424999999997,46.78917398332321
A,Normal,Electronic accessories,147.798,4439.031999999999,9171.424999999997,48.400679283753625
A,Normal,Electronic accessories,690.0179999999999,5129.049999999999,9171.424999999997,55.92424296115381
A,Normal,Electronic accessories,191.24699999999999,5320.297,9171.424999999997,58.00949143671786
A,Normal,Electronic accessories,40.53,5360.826999999999,9171.424999999997,58.45140749665402
A,Normal,Electronic accessories,102.018,5462.844999999999,9171.424999999997,59.56375372420317
A,Normal,Electronic accessories,181.44,5644.284999999999,9171.424999999997,61.54207225158577
A,Normal,Electronic accessories,836.304,6480.588999999999,9171.424999999997,70.66065524168819
A,Normal,Electronic accessories,246.677,6727.265999999999,9171.424999999997,73.3502808996421
A,Normal,Electronic accessories,99.9075,6827.173499999999,9171.424999999997,74.43961543598732
A,Normal,Electronic accessories,138.12749999999997,6965.300999999999,9171.424999999997,75.94567910657287
A,Normal,Electronic accessories,97.881,7063.181999999999,9171.424999999997,77.01291783992129
A,Normal,Electronic accessories,121.863,7185.044999999999,9171.424999999997,78.34164265640291
A,Normal,Electronic accessories,477.53999999999996,7662.584999999999,9171.424999999997,83.54846711388907
A,Normal,Electronic accessories,171.72750000000002,7834.312499999999,9171.424999999997,85.42088606732325
A,Normal,Electronic accessories,379.922,8214.234499999999,9171.424999999997,89.56333939382375
A,Normal,Electronic accessories,709.317,8923.551499999998,9171.424999999997,97.29732838681012
A,Normal,Electronic accessories,247.87349999999998,9171.424999999997,9171.424999999997,100.0
A,Normal,Fashion accessories,624.3299999999999,624.3299999999999,9389.9305,6.648931001139997
A,Normal,Fashion accessories,736.439,1360.7689999999998,9389.9305,14.491789901959335
A,Normal,Fashion accessories,184.107,1544.8759999999997,9389.9305,16.452475340472432
A,Normal,Fashion accessories,12.694,1557.5699999999997,9389.9305,16.58766270953762
A,Normal,Fashion accessories,306.81,1864.3799999999997,9389.9305,19.85509903401308
A,Normal,Fashion accessories,32.1405,1896.5204999999996,9389.9305,20.197385912494234
A,Normal,Fashion accessories,206.80800000000002,2103.3284999999996,9389.9305,22.399830328882622
A,Normal,Fashion accessories,94.1745,2197.5029999999997,9389.9305,23.402761074749165
A,Normal,Fashion accessories,163.611,2361.1139999999996,9389.9305,25.145170137308252
A,Normal,Fashion accessories,204.246,2565.3599999999997,9389.9305,27.320330006702388
A,Normal,Fashion accessories,324.293,2889.653,9389.9305,30.77395514269248
A,Normal,Fashion accessories,404.35499999999996,3294.008,9389.9305,35.08021704739987
A,Normal,Fashion accessories,16.275,3310.283,9389.9305,35.25354101396171
A,Normal,Fashion accessories,398.958,3709.241,9389.9305,39.50232645491891
A,Normal,Fashion accessories,308.91,4018.151,9389.9305,42.79212716217654
A,Normal,Fashion accessories,621.2429999999999,4639.394,9389.9305,49.40818252062675
A,Normal,Fashion accessories,48.7305,4688.1245,9389.9305,49.92714802308707
A,Normal,Fashion accessories,817.2360000000001,5505.3605,9389.9305,58.63047122659746
A,Normal,Fashion accessories,1039.29,6544.6505,9389.9305,69.69860426549482
A,Normal,Fashion accessories,786.6179999999999,7331.2685,9389.9305,78.07585476804114
A,Normal,Fashion accessories,397.61400000000003,7728.8825,9389.9305,82.31032700401776
A,Normal,Fashion accessories,142.947,7871.8295,9389.9305,83.83267054000027
A,Normal,Fashion accessories,156.03,8027.8595,9389.9305,85.4943441807157
A,Normal,Fashion accessories,54.999,8082.858499999999,9389.9305,86.08006736578082
A,Normal,Fashion accessories,77.80499999999999,8160.6635,9389.9305,86.90866774786032
A,Normal,Fashion accessories,312.89,8473.5535,9389.9305,90.24085428534322
A,Normal,Fashion accessories,172.011,8645.5645,9389.9305,92.07272087903101
A,Normal,Fashion accessories,22.386,8667.9505,9389.9305,92.31112519948897
A,Normal,Fashion accessories,721.98,9389.9305,9389.9305,100.0
A,Normal,Food and beverages,336.556,336.556,8286.044500000002,4.061720885037486
A,Normal,Food and beverages,164.43000000000004,500.986,8286.044500000002,6.046141799021233
A,Normal,Food and beverages,232.638,733.624,8286.044500000002,8.853729906953793
A,Normal,Food and beverages,367.038,1100.662,8286.044500000002,13.283322337938202
A,Normal,Food and beverages,90.825,1191.487,8286.044500000002,14.379442446875585
A,Normal,Food and beverages,313.572,1505.0590000000002,8286.044500000002,18.163781283095933
A,Normal,Food and beverages,781.62,2286.679,8286.044500000002,27.59675017434434
A,Normal,Food and beverages,453.495,2740.174,8286.044500000002,33.069747573766946
A,Normal,Food and beverages,164.871,2905.045,8286.044500000002,35.059490689435705
A,Normal,Food and beverages,211.36499999999998,3116.41,8286.044500000002,37.61034592561022
A,Normal,Food and beverages,284.918,3401.328,8286.044500000002,41.04887440563467
A,Normal,Food and beverages,172.2105,3573.5385,8286.044500000002,43.127194163632595
A,Normal,Food and beverages,465.44399999999996,4038.9825,8286.044500000002,48.744397884901524
A,Normal,Food and beverages,225.79200000000003,4264.7745,8286.044500000002,51.469365147628636
A,Normal,Food and beverages,514.773,4779.547500000001,8286.044500000002,57.681895143092696
A,Normal,Food and beverages,235.68300000000002,5015.230500000001,8286.044500000002,60.526231786469396
A,Normal,Food and beverages,143.22,5158.450500000001,8286.044500000002,62.254680143221535
A,Normal,Food and beverages,103.63499999999999,5262.085500000001,8286.044500000002,63.50539753919979
A,Normal,Food and beverages,115.08000000000001,5377.165500000001,8286.044500000002,64.89423874081294
A,Normal,Food and beverages,214.935,5592.100500000001,8286.044500000002,67.48817846681852
A,Normal,Food and beverages,852.7049999999999,6444.805500000001,8286.044500000002,77.77903558205607
A,Normal,Food and beverages,279.38399999999996,6724.189500000001,8286.044500000002,81.1507770686001
A,Normal,Food and beverages,333.953,7058.142500000002,8286.044500000002,85.18108368836302
A,Normal,Food and beverages,72.3975,7130.540000000002,8286.044500000002,86.05481179831946
A,Normal,Food and beverages,323.064,7453.604000000002,8286.044500000002,89.95370468985534
A,Normal,Food and beverages,284.59200000000004,7738.196000000002,8286.044500000002,93.38829884391762
A,Normal,Food and beverages,84.74549999999999,7822.941500000002,8286.044500000002,94.41104860105446
A,Normal,Food and beverages,166.163,7989.104500000001,8286.044500000002,96.41638419875733
A,Normal,Food and beverages,296.94,8286.044500000002,8286.044500000002,100.0
A,Normal,Health and beauty,217.18200000000002,217.18200000000002,6158.858499999999,3.5263352778765746
A,Normal,Health and beauty,76.755,293.937,6158.858499999999,4.772588946474416
A,Normal,Health and beauty,272.664,566.601,6158.858499999999,9.199772977411317
A,Normal,Health and beauty,367.552,934.153,6158.858499999999,15.167632118841505
A,Normal,Health and beauty,187.32,1121.473,6158.858499999999,18.209104820316945
A,Normal,Health and beauty,216.4365,1337.9095,6158.858499999999,21.723335582397294
A,Normal,Health and beauty,160.20899999999997,1498.1185,6158.858499999999,24.324613075621077
A,Normal,Health and beauty,96.138,1594.2565,6158.858499999999,25.885584154920917
A,Normal,Health and beauty,125.51700000000001,1719.7735,6158.858499999999,27.923575448275038
A,Normal,Health and beauty,266.6475,1986.421,6158.858499999999,32.25307092215222
A,Normal,Health and beauty,205.317,2191.7380000000003,6158.858499999999,35.58675686411695
A,Normal,Health and beauty,26.25,2217.9880000000003,6158.858499999999,36.01297220905465
A,Normal,Health and beauty,202.81799999999998,2420.8060000000005,6158.858499999999,39.30608245018132
A,Normal,Health and beauty,49.77,2470.5760000000005,6158.858499999999,40.11418674418321
A,Normal,Health and beauty,212.7825,2683.3585000000003,6158.858499999999,43.56908833024822
A,Normal,Health and beauty,176.4,2859.7585000000004,6158.858499999999,46.43325544822958
A,Normal,Health and beauty,752.64,3612.3985000000002,6158.858499999999,58.65370181828338
A,Normal,Health and beauty,339.36,3951.7585000000004,6158.858499999999,64.163813797638
A,Normal,Health and beauty,406.875,4358.6335,6158.858499999999,70.77015164417237
A,Normal,Health and beauty,217.6335,4576.267,6158.858499999999,74.30381782598188
A,Normal,Health and beauty,269.93399999999997,4846.201,6158.858499999999,78.68667546104525
A,Normal,Health and beauty,244.23,5090.431,6158.858499999999,82.65218303034564
A,Normal,Health and beauty,749.49,5839.920999999999,6158.858499999999,94.82148355900692
A,Normal,Health and beauty,235.2105,6075.1314999999995,6158.858499999999,98.6405435357867
A,Normal,Health and beauty,83.72699999999999,6158.858499999999,6158.858499999999,100.0
A,Normal,Home and lifestyle,587.664,587.664,9860.898500000001,5.95953806846303
A,Normal,Home and lifestyle,225.27749999999997,812.9414999999999,9860.898500000001,8.244091550075279
A,Normal,Home and lifestyle,72.93299999999999,885.8744999999999,9860.898500000001,8.983709750181484
A,Normal,Home and lifestyle,325.374,1211.2485,9860.898500000001,12.283348216189426
A,Normal,Home and lifestyle,491.08500000000004,1702.3335,9860.898500000001,17.263472491882965
A,Normal,Home and lifestyle,237.42600000000002,1939.7595,9860.898500000001,19.67122468606689
A,Normal,Home and lifestyle,705.632,2645.3914999999997,9860.898500000001,26.827083759152366
A,Normal,Home and lifestyle,99.75,2745.1414999999997,9860.898500000001,27.838654864969953
A,Normal,Home and lifestyle,214.137,2959.2785,9860.898500000001,30.010231826237735
A,Normal,Home and lifestyle,69.11099999999999,3028.3894999999998,9860.898500000001,30.71109088081577
A,Normal,Home and lifestyle,77.7735,3106.1629999999996,9860.898500000001,31.499796899846388
A,Normal,Home and lifestyle,608.076,3714.2389999999996,9860.898500000001,37.66633436091041
A,Normal,Home and lifestyle,352.223,4066.4619999999995,9860.898500000001,41.23825024666869
A,Normal,Home and lifestyle,782.2080000000001,4848.67,9860.898500000001,49.17067141498312
A,Normal,Home and lifestyle,96.642,4945.312,9860.898500000001,50.150724094766815
A,Normal,Home and lifestyle,461.286,5406.598,9860.898500000001,54.82865481274348
A,Normal,Home and lifestyle,427.812,5834.41,9860.898500000001,59.167123563841564
A,Normal,Home and lifestyle,252.252,6086.662,9860.898500000001,61.725227168700705
A,Normal,Home and lifestyle,314.685,6401.347000000001,9860.898500000001,64.9164678046326
A,Normal,Home and lifestyle,340.526,6741.8730000000005,9860.898500000001,68.36976366808764
A,Normal,Home and lifestyle,25.262999999999998,6767.136,9860.898500000001,68.62595736078208
A,Normal,Home and lifestyle,102.837,6869.973000000001,9860.898500000001,69.66883393029549
A,Normal,Home and lifestyle,688.622,7558.595000000001,9860.898500000001,76.65219350954682
A,Normal,Home and lifestyle,532.7280000000001,8091.323000000001,9860.898500000001,82.05462210162695
A,Normal,Home and lifestyle,135.576,8226.899000000001,9860.898500000001,83.4295069561866
A,Normal,Home and lifestyle,19.194,8246.093,9860.898500000001,83.6241545331797
A,Normal,Home and lifestyle,887.922,9134.015000000001,9860.898500000001,92.62862811132271
A,Normal,Home and lifestyle,479.64,9613.655,9860.898500000001,97.49268791276981
A,Normal,Home and lifestyle,26.554499999999997,9640.2095,9860.898500000001,97.76197878925535
A,Normal,Home and lifestyle,72.009,9712.2185,9860.898500000001,98.49222664648663
A,Normal,Home and lifestyle,148.68,9860.898500000001,9860.898500000001,100.0
A,Normal,Sports and travel,673.995,673.995,9695.741999999998,6.951453534964112
A,Normal,Sports and travel,140.64749999999998,814.6424999999999,9695.741999999998,8.402064535133052
A,Normal,Sports and travel,827.0849999999999,1641.7275,9695.741999999998,16.932458598836483
A,Normal,Sports and travel,66.8745,1708.6019999999999,9695.741999999998,17.622189204291946
A,Normal,Sports and travel,295.69,2004.292,9695.741999999998,20.67187843900962
A,Normal,Sports and travel,140.38500000000002,2144.677,9695.741999999998,22.11978206515809
A,Normal,Sports and travel,469.77000000000004,2614.447,9695.741999999998,26.964898612194926
A,Normal,Sports and travel,634.379,3248.826,9695.741999999998,33.50776041689228
A,Normal,Sports and travel,80.955,3329.781,9695.741999999998,34.342714564805874
A,Normal,Sports and travel,335.013,3664.794,9695.741999999998,37.79797358469316
A,Normal,Sports and travel,174.61499999999998,3839.4089999999997,9695.741999999998,39.59891878311119
A,Normal,Sports and travel,16.107,3855.5159999999996,9695.741999999998,39.765043253007356
A,Normal,Sports and travel,432.988,4288.504,9695.741999999998,44.23079739539274
A,Normal,Sports and travel,44.5935,4333.0975,9695.741999999998,44.69072609399054
A,Normal,Sports and travel,397.992,4731.0895,9695.741999999998,48.795538288869494
A,Normal,Sports and travel,575.978,5307.0675,9695.741999999998,54.73606352149223
A,Normal,Sports and travel,451.028,5758.0955,9695.741999999998,59.38787872037025
A,Normal,Sports and travel,609.0,6367.0955,9695.741999999998,65.66898644786548
A,Normal,Sports and travel,90.699,6457.7945,9695.741999999998,66.60443831941899
A,Normal,Sports and travel,195.67800000000003,6653.4725,9695.741999999998,68.62262320923969
A,Normal,Sports and travel,391.41900000000004,7044.8915,9695.741999999998,72.65964275864603
A,Normal,Sports and travel,195.594,7240.4855,9695.741999999998,74.67696128878018
A,Normal,Sports and travel,194.98499999999999,7435.470499999999,9695.741999999998,76.68799871118684
A,Normal,Sports and travel,226.065,7661.535499999999,9695.741999999998,79.0195892176174
A,Normal,Sports and travel,81.396,7742.931499999999,9695.741999999998,79.85909175388537
A,Normal,Sports and travel,457.443,8200.374499999998,9695.741999999998,84.57707001692083
A,Normal,Sports and travel,127.827,8328.201499999997,9695.741999999998,85.89545286992991
A,Normal,Sports and travel,926.95,9255.151499999998,9695.741999999998,95.45583514907884
A,Normal,Sports and travel,271.278,9526.429499999998,9695.741999999998,98.25374375679552
A,Normal,Sports and travel,169.3125,9695.741999999998,9695.741999999998,100.0
B,Member,Electronic accessories,394.63199999999995,394.63199999999995,7424.855500000002,5.315012527853233
B,Member,Electronic accessories,423.15,817.7819999999999,7424.855500000002,11.014113338636687
B,Member,Electronic accessories,769.104,1586.886,7424.855500000002,21.372617958692928
B,Member,Electronic accessories,193.01100000000002,1779.897,7424.855500000002,23.972143296256732
B,Member,Electronic accessories,181.07250000000002,1960.9695,7424.855500000002,26.41087762583392
B,Member,Electronic accessories,75.77850000000001,2036.748,7424.855500000002,27.431483346712938
B,Member,Electronic accessories,181.81799999999998,2218.566,7424.855500000002,29.880258275733436
B,Member,Electronic accessories,69.40500000000002,2287.971,7424.855500000002,30.81502394221678
B,Member,Electronic accessories,151.48350000000002,2439.4545,7424.855500000002,32.855245465719825
B,Member,Electronic accessories,830.372,3269.8264999999997,7424.855500000002,44.03892439388213
B,Member,Electronic accessories,571.4100000000001,3841.2365,7424.855500000002,51.734831741843315
B,Member,Electronic accessories,41.45399999999999,3882.6905,7424.855500000002,52.29314563764909
B,Member,Electronic accessories,107.14200000000001,3989.8325,7424.855500000002,53.736163619615205
B,Member,Electronic accessories,241.458,4231.2905,7424.855500000002,56.988186504100966
B,Member,Electronic accessories,225.01500000000001,4456.3055,7424.855500000002,60.01875053325952
B,Member,Electronic accessories,33.3585,4489.664000000001,7424.855500000002,60.46803200412452
B,Member,Electronic accessories,550.9350000000001,5040.599000000001,7424.855500000002,67.88817640962843
B,Member,Electronic accessories,41.7375,5082.336500000001,7424.855500000002,68.45030856156056
B,Member,Electronic accessories,333.20700000000005,5415.543500000002,7424.855500000002,72.938032262042
B,Member,Electronic accessories,82.719,5498.262500000002,7424.855500000002,74.05211454956934
B,Member,Electronic accessories,119.259,5617.521500000002,7424.855500000002,75.65832762671273
B,Member,Electronic accessories,101.64,5719.161500000002,7424.855500000002,77.0272431564493
B,Member,Electronic accessories,300.216,6019.377500000002,7424.855500000002,81.07063497734065
B,Member,Electronic accessories,116.90700000000001,6136.2845000000025,7424.855500000002,82.64517067032484
B,Member,Electronic accessories,317.83500000000004,6454.1195000000025,7424.855500000002,86.92586003862299
B,Member,Electronic accessories,714.326,7168.4455000000025,7424.855500000002,96.54659945907366
B,Member,Electronic accessories,256.41,7424.855500000002,7424.855500000002,100.0
B,Member,Fashion accessories,614.943,614.943,7339.531999999999,8.378504242504835
B,Member,Fashion accessories,137.004,751.947,7339.531999999999,10.245162770596274
B,Member,Fashion accessories,402.266,1154.213,7339.531999999999,15.725975443665892
B,Member,Fashion accessories,252.756,1406.969,7339.531999999999,19.169737253001962
B,Member,Fashion accessories,207.58499999999998,1614.554,7339.531999999999,21.998051101895875
B,Member,Fashion accessories,151.28400000000002,1765.8380000000002,7339.531999999999,24.059272444074097
B,Member,Fashion accessories,383.764,2149.6020000000003,7339.531999999999,29.28799819934024
B,Member,Fashion accessories,93.744,2243.3460000000005,7339.531999999999,30.56524584946289
B,Member,Fashion accessories,175.917,2419.2630000000004,7339.531999999999,32.96208804594082
B,Member,Fashion accessories,474.348,2893.6110000000003,7339.531999999999,39.425006935047094
B,Member,Fashion accessories,310.044,3203.655,7339.531999999999,43.64930897501367
B,Member,Fashion accessories,115.185,3318.84,7339.531999999999,45.21868696805192
B,Member,Fashion accessories,213.52800000000002,3532.3680000000004,7339.531999999999,48.12797328222018
B,Member,Fashion accessories,77.65799999999999,3610.0260000000003,7339.531999999999,49.18605164470978
B,Member,Fashion accessories,125.706,3735.7320000000004,7339.531999999999,50.89877665224433
B,Member,Fashion accessories,597.629,4333.361000000001,7339.531999999999,59.0413802950924
B,Member,Fashion accessories,60.816,4394.177000000001,7339.531999999999,59.869988985673764
B,Member,Fashion accessories,75.93599999999999,4470.113,7339.531999999999,60.904605361758776
B,Member,Fashion accessories,684.9150000000001,5155.028,7339.531999999999,70.23646739328885
B,Member,Fashion accessories,35.3115,5190.3395,7339.531999999999,70.7175811754755
B,Member,Fashion accessories,95.91749999999999,5286.257,7339.531999999999,72.0244424303893
B,Member,Fashion accessories,384.468,5670.724999999999,7339.531999999999,77.26276007789053
B,Member,Fashion accessories,75.054,5745.7789999999995,7339.531999999999,78.28535933898782
B,Member,Fashion accessories,160.85999999999999,5906.638999999999,7339.531999999999,80.47705221531835
B,Member,Fashion accessories,53.928,5960.566999999999,7339.531999999999,81.21181296028139
B,Member,Fashion accessories,56.469,6017.035999999999,7339.531999999999,81.98119444128044
B,Member,Fashion accessories,288.582,6305.6179999999995,7339.531999999999,85.91308001654602
B,Member,Fashion accessories,370.125,6675.7429999999995,7339.531999999999,90.9559764846042
B,Member,Fashion accessories,155.18999999999997,6830.932999999999,7339.531999999999,93.07041647887085
B,Member,Fashion accessories,293.643,7124.575999999999,7339.531999999999,97.07125740442305
B,Member,Fashion accessories,110.124,7234.699999999999,7339.531999999999,98.57168004717467
B,Member,Fashion accessories,104.83200000000001,7339.531999999999,7339.531999999999,100.0
B,Member,Food and beverages,165.648,165.648,9423.119999999999,1.7578891067926548
B,Member,Food and beverages,251.7165,417.3645,9423.119999999999,4.429154038152969
B,Member,Food and beverages,247.58999999999997,664.9545,9423.119999999999,7.056627741130328
B,Member,Food and beverages,767.025,1431.9795,9423.119999999999,15.196447673382064
B,Member,Food and beverages,56.406,1488.3854999999999,9423.119999999999,15.79503922267784
B,Member,Food and beverages,91.82249999999999,1580.2079999999999,9423.119999999999,16.76947762524514
B,Member,Food and beverages,420.263,2000.4709999999998,9423.119999999999,21.22939111462021
B,Member,Food and beverages,121.569,2122.04,9423.119999999999,22.519505216955746
B,Member,Food and beverages,92.55749999999999,2214.5975,9423.119999999999,23.50174358386607
B,Member,Food and beverages,404.649,2619.2464999999997,9423.119999999999,27.795958238884786
B,Member,Food and beverages,98.028,2717.2744999999995,9423.119999999999,28.836250626119586
B,Member,Food and beverages,348.70500000000004,3065.9794999999995,9423.119999999999,32.53677656657243
B,Member,Food and beverages,152.838,3218.8174999999997,9423.119999999999,34.15872343767244
B,Member,Food and beverages,167.58,3386.3974999999996,9423.119999999999,35.93711530788104
B,Member,Food and beverages,783.3,4169.697499999999,9423.119999999999,44.249648736299655
B,Member,Food and beverages,263.97,4433.6675,9423.119999999999,47.050950216064315
B,Member,Food and beverages,196.14000000000001,4629.8075,9423.119999999999,49.132426415030274
B,Member,Food and beverages,65.7405,4695.548,9423.119999999999,49.8300775114824
B,Member,Food and beverages,172.746,4868.294,9423.119999999999,51.663291988216216
B,Member,Food and beverages,311.188,5179.482,9423.119999999999,54.96568015689072
B,Member,Food and beverages,731.4300000000001,5910.912,9423.119999999999,62.7277589588162
B,Member,Food and beverages,189.094,6100.006,9423.119999999999,64.734461622053
B,Member,Food and beverages,888.615,6988.621,9423.119999999999,74.16461851276435
B,Member,Food and beverages,181.881,7170.502,9423.119999999999,76.09477540347572
B,Member,Food and beverages,570.78,7741.282,9423.119999999999,82.15200485614108
B,Member,Food and beverages,810.6,8551.882,9423.119999999999,90.75425124587186
B,Member,Food and beverages,439.898,8991.779999999999,9423.119999999999,95.4225352112676
B,Member,Food and beverages,374.388,9366.168,9423.119999999999,99.39561419147799
B,Member,Food and beverages,56.952,9423.119999999999,9423.119999999999,100.0
B,Member,Health and beauty,608.202,608.202,11327.819500000001,5.369100381587117
B,Member,Health and beauty,697.9350000000001,1306.1370000000002,11327.819500000001,11.53034791912071
B,Member,Health and beauty,681.44,1987.5770000000002,11327.819500000001,17.54598049518709
B,Member,Health and beauty,321.772,2309.349,11327.819500000001,20.386527168798903
B,Member,Health and beauty,28.4235,2337.7725,11327.819500000001,20.63744483216739
B,Member,Health and beauty,535.72,2873.4925000000003,11327.819500000001,25.366686854429485
B,Member,Health and beauty,20.108,2893.6005000000005,11327.819500000001,25.544196745013462
B,Member,Health and beauty,288.015,3181.6155000000003,11327.819500000001,28.086742554469552
B,Member,Health and beauty,633.1080000000001,3814.7235000000005,11327.819500000001,33.67570872752695
B,Member,Health and beauty,411.379,4226.102500000001,11327.819500000001,37.3072902512262
B,Member,Health and beauty,125.7165,4351.819000000001,11327.819500000001,38.417093422083575
B,Member,Health and beauty,357.588,4709.407000000001,11327.819500000001,41.573817450039705
B,Member,Health and beauty,520.8,5230.207000000001,11327.819500000001,46.1713483340726
B,Member,Health and beauty,40.960499999999996,5271.167500000001,11327.819500000001,46.532940430415586
B,Member,Health and beauty,212.688,5483.8555000000015,11327.819500000001,48.410512720475474
B,Member,Health and beauty,867.0899999999999,6350.945500000002,11327.819500000001,56.06503087377055
B,Member,Health and beauty,760.442,7111.387500000002,11327.819500000001,62.778079223455144
B,Member,Health and beauty,214.746,7326.133500000002,11327.819500000001,64.67381917587936
B,Member,Health and beauty,609.588,7935.7215000000015,11327.819500000001,70.05515492191591
B,Member,Health and beauty,918.729,8854.4505,11327.819500000001,78.16553309310763
B,Member,Health and beauty,258.678,9113.1285,11327.819500000001,80.4490970217172
B,Member,Health and beauty,655.546,9768.674500000001,11327.819500000001,86.23614191592654
B,Member,Health and beauty,318.108,10086.782500000001,11327.819500000001,89.0443434413834
B,Member,Health and beauty,403.87199999999996,10490.6545,11327.819500000001,92.60965448822695
B,Member,Health and beauty,565.215,11055.8695,11327.819500000001,97.59927318757154
B,Member,Health and beauty,271.95,11327.819500000001,11327.819500000001,100.0
B,Member,Home and lifestyle,415.233,415.233,7769.308000000001,5.34453004051326
B,Member,Home and lifestyle,103.11,518.343,7769.308000000001,6.671675263742921
B,Member,Home and lifestyle,603.624,1121.967,7769.308000000001,14.441015853664187
B,Member,Home and lifestyle,91.056,1213.0230000000001,7769.308000000001,15.613012124117104
B,Member,Home and lifestyle,383.52299999999997,1596.546,7769.308000000001,20.54939770697725
B,Member,Home and lifestyle,793.716,2390.262,7769.308000000001,30.765442688074664
B,Member,Home and lifestyle,633.9900000000001,3024.2520000000004,7769.308000000001,38.92562889770878
B,Member,Home and lifestyle,68.98499999999999,3093.2370000000005,7769.308000000001,39.81354581386142
B,Member,Home and lifestyle,93.29249999999999,3186.5295000000006,7769.308000000001,41.0143284318243
B,Member,Home and lifestyle,299.365,3485.8945000000003,7769.308000000001,44.8675030002672
B,Member,Home and lifestyle,271.289,3757.1835,7769.308000000001,48.35930690352345
B,Member,Home and lifestyle,116.14049999999999,3873.324,7769.308000000001,49.85416976647083
B,Member,Home and lifestyle,255.15,4128.474,7769.308000000001,53.13824603169291
B,Member,Home and lifestyle,734.0760000000001,4862.55,7769.308000000001,62.58665507919109
B,Member,Home and lifestyle,835.286,5697.836,7769.308000000001,73.33775414747362
B,Member,Home and lifestyle,695.237,6393.073,7769.308000000001,82.28626024351203
B,Member,Home and lifestyle,163.002,6556.075000000001,7769.308000000001,84.38428493245473
B,Member,Home and lifestyle,195.174,6751.249000000001,7769.308000000001,86.8964005545925
B,Member,Home and lifestyle,253.008,7004.2570000000005,7769.308000000001,90.15290679684729
B,Member,Home and lifestyle,430.71000000000004,7434.967000000001,7769.308000000001,95.6966437680164
B,Member,Home and lifestyle,334.341,7769.308000000001,7769.308000000001,100.0
B,Member,Sports and travel,441.588,441.588,10420.053,4.237867120253611
B,Member,Sports and travel,352.674,794.262,10420.053,7.622437237123457
B,Member,Sports and travel,737.761,1532.023,10420.053,14.702641147794544
B,Member,Sports and travel,84.756,1616.779,10420.053,15.516034323433864
B,Member,Sports and travel,944.622,2561.401,10420.053,24.581458462831232
B,Member,Sports and travel,77.6685,2639.0694999999996,10420.053,25.32683375026979
B,Member,Sports and travel,590.4359999999999,3229.5054999999993,10420.053,30.993177289981148
B,Member,Sports and travel,335.895,3565.4004999999993,10420.053,34.21672135448831
B,Member,Sports and travel,92.7255,3658.1259999999993,10420.053,35.10659686663781
B,Member,Sports and travel,457.38,4115.505999999999,10420.053,39.496017918526896
B,Member,Sports and travel,280.035,4395.540999999999,10420.053,42.18348025677028
B,Member,Sports and travel,99.53999999999999,4495.080999999999,10420.053,43.138753708834294
B,Member,Sports and travel,520.412,5015.4929999999995,10420.053,48.133085311562226
B,Member,Sports and travel,666.939,5682.432,10420.053,54.53361897487469
B,Member,Sports and travel,435.456,6117.888,10420.053,58.71263802592943
B,Member,Sports and travel,760.452,6878.34,10420.053,66.01060474452481
B,Member,Sports and travel,152.775,7031.115,10420.053,67.47676811240787
B,Member,Sports and travel,742.812,7773.927,10420.053,74.6054458648147
B,Member,Sports and travel,103.03649999999999,7876.9635,10420.053,75.59427480839109
B,Member,Sports and travel,207.858,8084.8215,10420.053,77.5890631266463
B,Member,Sports and travel,41.076,8125.8975,10420.053,77.98326457648535
B,Member,Sports and travel,34.629,8160.5265,10420.053,78.31559493987218
B,Member,Sports and travel,145.404,8305.9305,10420.053,79.71101970402647
B,Member,Sports and travel,79.61099999999999,8385.541500000001,10420.053,80.47503693119413
B,Member,Sports and travel,503.559,8889.1005,10420.053,85.30763231242682
B,Member,Sports and travel,304.91999999999996,9194.0205,10420.053,88.2339130136862
B,Member,Sports and travel,401.26800000000003,9595.2885,10420.053,92.08483392550883
B,Member,Sports and travel,470.988,10066.2765,10420.053,96.60484932274338
B,Member,Sports and travel,136.143,10202.4195,10420.053,97.91139737964865
B,Member,Sports and travel,217.63349999999997,10420.053,10420.053,100.0
B,Normal,Electronic accessories,486.44399999999996,486.44399999999996,9626.5905,5.053128623264903
B,Normal,Electronic accessories,356.32800000000003,842.7719999999999,9626.5905,8.754626053741456
B,Normal,Electronic accessories,26.7225,869.4944999999999,9626.5905,9.032216546450169
B,Normal,Electronic accessories,80.367,949.8614999999999,9626.5905,9.867060409394165
B,Normal,Electronic accessories,203.93099999999998,1153.7924999999998,9626.5905,11.985473984792433
B,Normal,Electronic accessories,99.33,1253.1224999999997,9626.5905,13.017303478318722
B,Normal,Electronic accessories,57.876,1310.9984999999997,9626.5905,13.61851322126977
B,Normal,Electronic accessories,285.70500000000004,1596.7034999999996,9626.5905,16.58638642622224
B,Normal,Electronic accessories,63.315,1660.0184999999997,9626.5905,17.24409592368139
B,Normal,Electronic accessories,222.138,1882.1564999999996,9626.5905,19.55164188193109
B,Normal,Electronic accessories,397.215,2279.3714999999997,9626.5905,23.677869127184746
B,Normal,Electronic accessories,125.664,2405.0355,9626.5905,24.98325341666917
B,Normal,Electronic accessories,289.926,2694.9615,9626.5905,27.99497392145225
B,Normal,Electronic accessories,833.963,3528.9245,9626.5905,36.65809301849912
B,Normal,Electronic accessories,557.718,4086.6425,9626.5905,42.45160838616746
B,Normal,Electronic accessories,640.0379999999999,4726.6804999999995,9626.5905,49.10025517341783
B,Normal,Electronic accessories,86.625,4813.3054999999995,9626.5905,50.000106475911686
B,Normal,Electronic accessories,757.365,5570.670499999999,9626.5905,57.867533681836775
B,Normal,Electronic accessories,833.595,6404.2654999999995,9626.5905,66.52683003395646
B,Normal,Electronic accessories,401.688,6805.9535,9626.5905,70.69952232828435
B,Normal,Electronic accessories,148.995,6954.9484999999995,9626.5905,72.24726656857378
B,Normal,Electronic accessories,143.987,7098.9355,9626.5905,73.7429882365932
B,Normal,Electronic accessories,138.663,7237.5985,9626.5905,75.1834047578943
B,Normal,Electronic accessories,942.449,8180.0475,9626.5905,84.97346490431893
B,Normal,Electronic accessories,180.6,8360.6475,9626.5905,86.84951852891217
B,Normal,Electronic accessories,240.975,8601.6225,9626.5905,89.35274124312237
B,Normal,Electronic accessories,554.295,9155.9175,9626.5905,95.11069885023156
B,Normal,Electronic accessories,470.673,9626.5905,9626.5905,100.0
B,Normal,Fashion accessories,398.475,398.475,9073.7855,4.3914968014176665
B,Normal,Fashion accessories,291.207,689.682,9073.7855,7.600818864408906
B,Normal,Fashion accessories,535.374,1225.056,9073.7855,13.501046503689118
B,Normal,Fashion accessories,586.971,1812.027,9073.7855,19.96991222682088
B,Normal,Fashion accessories,128.016,1940.0430000000001,9073.7855,21.38074566563206
B,Normal,Fashion accessories,164.68200000000002,2104.7250000000004,9073.7855,23.19566624095313
B,Normal,Fashion accessories,145.06799999999998,2249.7930000000006,9073.7855,24.794425656193884
B,Normal,Fashion accessories,170.877,2420.6700000000005,9073.7855,26.677619831326194
B,Normal,Fashion accessories,334.478,2755.1480000000006,9073.7855,30.363821141683374
B,Normal,Fashion accessories,187.86599999999999,2943.0140000000006,9073.7855,32.43424698545057
B,Normal,Fashion accessories,209.769,3152.7830000000004,9073.7855,34.7460605058385
B,Normal,Fashion accessories,154.392,3307.175,9073.7855,36.447577474693446
B,Normal,Fashion accessories,208.425,3515.6000000000004,9073.7855,38.74457909546132
B,Normal,Fashion accessories,796.908,4312.508000000001,9073.7855,47.527109826433524
B,Normal,Fashion accessories,352.579,4665.087,9073.7855,51.412797889039815
B,Normal,Fashion accessories,95.6655,4760.7525000000005,9073.7855,52.4671042752774
B,Normal,Fashion accessories,513.23,5273.9825,9073.7855,58.123288235103196
B,Normal,Fashion accessories,57.078,5331.0605000000005,9073.7855,58.752331097092835
B,Normal,Fashion accessories,702.219,6033.279500000001,9073.7855,66.49131721264516
B,Normal,Fashion accessories,35.196000000000005,6068.4755000000005,9073.7855,66.87920383394561
B,Normal,Fashion accessories,165.123,6233.5985,9073.7855,68.6989845638295
B,Normal,Fashion accessories,72.87,6306.4685,9073.7855,69.5020672463549
B,Normal,Fashion accessories,183.64499999999998,6490.1134999999995,9073.7855,71.52597446787782
B,Normal,Fashion accessories,431.44500000000005,6921.558499999999,9073.7855,76.28082568185019
B,Normal,Fashion accessories,180.4005,7101.958999999999,9073.7855,78.26897605194655
B,Normal,Fashion accessories,208.6875,7310.646499999999,9073.7855,80.56887062185898
B,Normal,Fashion accessories,49.812,7360.458499999999,9073.7855,81.11783665152763
B,Normal,Fashion accessories,874.125,8234.583499999999,9073.7855,90.75135730285886
B,Normal,Fashion accessories,494.182,8728.7655,9073.7855,96.19761785199793
B,Normal,Fashion accessories,345.02,9073.7855,9073.7855,100.0
B,Normal,Food and beverages,151.51500000000001,151.51500000000001,5791.767500000001,2.6160407854769723
B,Normal,Food and beverages,463.89,615.405,5791.767500000001,10.62551285078346
B,Normal,Food and beverages,71.15849999999999,686.5635,5791.767500000001,11.854127431738236
B,Normal,Food and beverages,101.808,788.3715,5791.767500000001,13.611932799443345
B,Normal,Food and beverages,356.548,1144.9195,5791.767500000001,19.768050081430232
B,Normal,Food and beverages,152.019,1296.9385,5791.767500000001,22.392792873678022
B,Normal,Food and beverages,222.012,1518.9505,5791.767500000001,26.226026856223072
B,Normal,Food and beverages,166.236,1685.1864999999998,5791.767500000001,29.096238756130997
B,Normal,Food and beverages,253.26,1938.4464999999998,5791.767500000001,33.46899715846673
B,Normal,Food and beverages,456.288,2394.7344999999996,5791.767500000001,41.34721395498005
B,Normal,Food and beverages,446.964,2841.6984999999995,5791.767500000001,49.064443626233256
B,Normal,Food and beverages,418.95,3260.6484999999993,5791.767500000001,56.29798675447519
B,Normal,Food and beverages,133.917,3394.5654999999992,5791.767500000001,58.61018247020446
B,Normal,Food and beverages,177.40800000000002,3571.973499999999,5791.767500000001,61.67328885353217
B,Normal,Food and beverages,536.991,4108.964499999999,5791.767500000001,70.94491448422262
B,Normal,Food and beverages,180.621,4289.585499999999,5791.767500000001,74.06349616071431
B,Normal,Food and beverages,69.993,4359.5785,5791.767500000001,75.27198735101157
B,Normal,Food and beverages,74.76,4434.3385,5791.767500000001,76.56278502201614
B,Normal,Food and beverages,304.54200000000003,4738.8805,5791.767500000001,81.82097261328255
B,Normal,Food and beverages,529.515,5268.3955000000005,5791.767500000001,90.96351847687255
B,Normal,Food and beverages,523.372,5791.767500000001,5791.767500000001,100.0
B,Normal,Health and beauty,527.51,527.51,8652.8415,6.096378860054237
B,Normal,Health and beauty,75.47399999999999,602.9839999999999,8652.8415,6.9686241219141705
B,Normal,Health and beauty,145.971,748.9549999999999,8652.8415,8.655595968099034
B,Normal,Health and beauty,550.3679999999999,1299.3229999999999,8652.8415,15.016142385134406
B,Normal,Health and beauty,362.817,1662.1399999999999,8652.8415,19.209181168983623
B,Normal,Health and beauty,359.20500000000004,2021.3449999999998,8652.8415,23.360476440022616
B,Normal,Health and beauty,100.9155,2122.2605,8652.8415,24.52674650286845
B,Normal,Health and beauty,485.0369999999999,2607.2974999999997,8652.8415,30.132269266691175
B,Normal,Health and beauty,97.419,2704.7164999999995,8652.8415,31.258130638357347
B,Normal,Health and beauty,277.137,2981.8534999999997,8652.8415,34.460974467173585
B,Normal,Health and beauty,141.75,3123.6034999999997,8652.8415,36.09916465013256
B,Normal,Health and beauty,794.651,3918.2544999999996,8652.8415,45.282864594249176
B,Normal,Health and beauty,46.683,3964.9374999999995,8652.8415,45.822375227837
B,Normal,Health and beauty,628.173,4593.1105,8652.8415,53.082106034185415
B,Normal,Health and beauty,350.07000000000005,4943.1804999999995,8652.8415,57.12782904898927
B,Normal,Health and beauty,18.638,4961.818499999999,8652.8415,57.34322649964175
B,Normal,Health and beauty,351.603,5313.4214999999995,8652.8415,61.40666623790577
B,Normal,Health and beauty,90.3,5403.7215,8652.8415,62.450254058161114
B,Normal,Health and beauty,231.2415,5634.963,8652.8415,65.12268830996152
B,Normal,Health and beauty,190.155,5825.1179999999995,8652.8415,67.32029010354574
B,Normal,Health and beauty,262.794,6087.911999999999,8652.8415,70.35737335533072
B,Normal,Health and beauty,832.944,6920.856,8652.8415,79.98362156523957
B,Normal,Health and beauty,223.07250000000002,7143.9285,8652.8415,82.56164752353315
B,Normal,Health and beauty,30.996,7174.9245,8652.8415,82.91986511020686
B,Normal,Health and beauty,922.635,8097.5595,8652.8415,93.58266298995538
B,Normal,Health and beauty,120.16199999999999,8217.7215,8652.8415,94.97136287542074
B,Normal,Health and beauty,435.12,8652.8415,8652.8415,100.0
B,Normal,Home and lifestyle,484.89,484.89,9779.856999999998,4.958047955097913
B,Normal,Home and lifestyle,106.59599999999999,591.486,9779.856999999998,6.048002542368463
B,Normal,Home and lifestyle,103.131,694.617,9779.856999999998,7.102527163740739
B,Normal,Home and lifestyle,33.936,728.553,9779.856999999998,7.449526102477778
B,Normal,Home and lifestyle,69.72,798.273,9779.856999999998,8.162419961764268
B,Normal,Home and lifestyle,242.67600000000002,1040.949,9779.856999999998,10.643805937039778
B,Normal,Home and lifestyle,1022.49,2063.4390000000003,9779.856999999998,21.098866783021474
B,Normal,Home and lifestyle,263.97,2327.4090000000006,9779.856999999998,23.797986003271838
B,Normal,Home and lifestyle,84.63,2412.0390000000007,9779.856999999998,24.663336079453934
B,Normal,Home and lifestyle,118.062,2530.1010000000006,9779.856999999998,25.870531644787864
B,Normal,Home and lifestyle,788.508,3318.6090000000004,9779.856999999998,33.93310352083881
B,Normal,Home and lifestyle,112.22399999999999,3430.8330000000005,9779.856999999998,35.080604961810806
B,Normal,Home and lifestyle,314.055,3744.8880000000004,9779.856999999998,38.291848234590766
B,Normal,Home and lifestyle,397.84499999999997,4142.733,9779.856999999998,42.35985250091081
B,Normal,Home and lifestyle,193.07399999999998,4335.807,9779.856999999998,44.33405314617586
B,Normal,Home and lifestyle,375.364,4711.170999999999,9779.856999999998,48.17218697574003
B,Normal,Home and lifestyle,801.8639999999999,5513.034999999999,9779.856999999998,56.37132526579887
B,Normal,Home and lifestyle,514.605,6027.639999999999,9779.856999999998,61.63321201935776
B,Normal,Home and lifestyle,107.31,6134.95,9779.856999999998,62.73046732687401
B,Normal,Home and lifestyle,629.496,6764.446,9779.856999999998,69.16712585879324
B,Normal,Home and lifestyle,521.01,7285.456,9779.856999999998,74.49450436749741
B,Normal,Home and lifestyle,1022.385,8307.841,9779.856999999998,84.94849157814886
B,Normal,Home and lifestyle,128.4255,8436.2665,9779.856999999998,86.26165495057855
B,Normal,Home and lifestyle,384.71999999999997,8820.986499999999,9779.856999999998,90.19545480061724
B,Normal,Home and lifestyle,138.97799999999998,8959.964499999998,9779.856999999998,91.61651852373711
B,Normal,Home and lifestyle,217.25549999999998,9177.219999999998,9779.856999999998,93.8379773855589
B,Normal,Home and lifestyle,261.198,9438.417999999998,9779.856999999998,96.50875263309065
B,Normal,Home and lifestyle,133.35,9571.767999999998,9779.856999999998,97.87226950250908
B,Normal,Home and lifestyle,208.089,9779.856999999998,9779.856999999998,100.0
B,Normal,Sports and travel,57.1725,57.1725,9568.146499999999,0.5975295215222719
B,Normal,Sports and travel,732.27,789.4425,9568.146499999999,8.25073591839339
B,Normal,Sports and travel,545.055,1334.4975,9568.146499999999,13.947293762694793
B,Normal,Sports and travel,410.508,1745.0055,9568.146499999999,18.237654492434874
B,Normal,Sports and travel,195.951,1940.9565,9568.146499999999,20.285605994849682
B,Normal,Sports and travel,36.551,1977.5075,9568.146499999999,20.667613105631276
B,Normal,Sports and travel,135.3555,2112.863,9568.146499999999,22.082260132618163
B,Normal,Sports and travel,198.639,2311.502,9568.146499999999,24.158304850369923
B,Normal,Sports and travel,86.247,2397.749,9568.146499999999,25.059702001845395
B,Normal,Sports and travel,588.3570000000001,2986.1059999999998,9568.146499999999,31.208823986965502
B,Normal,Sports and travel,92.8725,3078.9784999999997,9568.146499999999,32.179466524681665
B,Normal,Sports and travel,270.585,3349.5634999999997,9568.146499999999,35.00744370918652
B,Normal,Sports and travel,853.146,4202.7095,9568.146499999999,43.923966883241185
B,Normal,Sports and travel,233.226,4435.9355,9568.146499999999,46.36149227021137
B,Normal,Sports and travel,130.0425,4565.977999999999,9568.146499999999,47.72061130125881
B,Normal,Sports and travel,45.927,4611.904999999999,9568.146499999999,48.200610222680005
B,Normal,Sports and travel,78.7185,4690.623499999999,9568.146499999999,49.02332442338753
B,Normal,Sports and travel,804.3,5494.923499999999,9568.146499999999,57.42934119999102
B,Normal,Sports and travel,637.7280000000001,6132.651499999999,9568.146499999999,64.0944565386828
B,Normal,Sports and travel,703.752,6836.4034999999985,9568.146499999999,71.44961147908845
B,Normal,Sports and travel,343.413,7179.816499999999,9568.146499999999,75.03873921662884
B,Normal,Sports and travel,146.22299999999998,7326.039499999999,9568.146499999999,76.56696623531005
B,Normal,Sports and travel,281.16900000000004,7607.208499999999,9568.146499999999,79.50556045520415
B,Normal,Sports and travel,85.30199999999999,7692.5104999999985,9568.146499999999,80.39708108566272
B,Normal,Sports and travel,365.08500000000004,8057.5954999999985,9568.146499999999,84.21271037185728
B,Normal,Sports and travel,146.328,8203.923499999999,9568.146499999999,85.74203478176258
B,Normal,Sports and travel,360.885,8564.8085,9568.146499999999,89.51376841899317
B,Normal,Sports and travel,353.167,8917.975499999999,9568.146499999999,93.20483857557991
B,Normal,Sports and travel,144.963,9062.938499999998,9568.146499999999,94.71989689957192
B,Normal,Sports and travel,354.008,9416.946499999998,9568.146499999999,98.41975663729646
B,Normal,Sports and travel,53.150999999999996,9470.097499999998,9568.146499999999,98.97525607493571
B,Normal,Sports and travel,98.04899999999999,9568.146499999999,9568.146499999999,100.0
C,Member,Electronic accessories,743.8199999999999,743.8199999999999,7927.953000000001,9.382245328649146
C,Member,Electronic accessories,272.58000000000004,1016.4,7927.953000000001,12.820459455296971
C,Member,Electronic accessories,820.365,1836.7649999999999,7927.953000000001,23.16821252598243
C,Member,Electronic accessories,103.78200000000001,1940.5469999999998,7927.953000000001,24.477276795157582
C,Member,Electronic accessories,118.251,2058.798,7927.953000000001,25.96884719170257
C,Member,Electronic accessories,864.57,2923.368,7927.953000000001,36.87418429448307
C,Member,Electronic accessories,63.2625,2986.6304999999998,7927.953000000001,37.67215194136493
C,Member,Electronic accessories,451.71000000000004,3438.3405,7927.953000000001,43.36983960424588
C,Member,Electronic accessories,253.68,3692.0204999999996,7927.953000000001,46.56965675755141
C,Member,Electronic accessories,488.985,4181.005499999999,7927.953000000001,52.737516228968545
C,Member,Electronic accessories,304.983,4485.9884999999995,7927.953000000001,56.58444872213545
C,Member,Electronic accessories,423.73800000000006,4909.7265,7927.953000000001,61.92930886446979
C,Member,Electronic accessories,276.948,5186.6745,7927.953000000001,65.42261918051229
C,Member,Electronic accessories,155.65200000000002,5342.3265,7927.953000000001,67.38595069874908
C,Member,Electronic accessories,392.648,5734.9745,7927.953000000001,72.33865412673359
C,Member,Electronic accessories,63.9975,5798.972000000001,7927.953000000001,73.14589276702321
C,Member,Electronic accessories,629.843,6428.8150000000005,7927.953000000001,81.09047821045355
C,Member,Electronic accessories,461.528,6890.343000000001,7927.953000000001,86.91200616350777
C,Member,Electronic accessories,176.925,7067.268000000001,7927.953000000001,89.14366671951763
C,Member,Electronic accessories,860.6850000000001,7927.953000000001,7927.953000000001,100.0
C,Member,Fashion accessories,85.512,85.512,12041.8545,0.7101231791166387
C,Member,Fashion accessories,195.72,281.23199999999997,12041.8545,2.3354542275859584
C,Member,Fashion accessories,51.1455,332.37749999999994,12041.8545,2.760185318631777
C,Member,Fashion accessories,145.593,477.9704999999999,12041.8545,3.9692432756100806
C,Member,Fashion accessories,539.343,1017.3134999999999,12041.8545,8.448146421300805
C,Member,Fashion accessories,96.57900000000001,1113.8925,12041.8545,9.250174049188189
C,Member,Fashion accessories,463.428,1577.3204999999998,12041.8545,13.098651042495156
C,Member,Fashion accessories,1020.7049999999999,2598.0254999999997,12041.8545,21.57496173035474
C,Member,Fashion accessories,13.167,2611.1924999999997,12041.8545,21.68430535346528
C,Member,Fashion accessories,267.341,2878.5334999999995,12041.8545,23.904403594977833
C,Member,Fashion accessories,195.258,3073.7914999999994,12041.8545,25.525898025092392
C,Member,Fashion accessories,510.962,3584.7534999999993,12041.8545,29.76911488176509
C,Member,Fashion accessories,54.0435,3638.7969999999996,12041.8545,30.217912033399838
C,Member,Fashion accessories,495.316,4134.112999999999,12041.8545,34.331198736872295
C,Member,Fashion accessories,381.392,4515.504999999999,12041.8545,37.49841853677936
C,Member,Fashion accessories,745.395,5260.9,12041.8545,43.68845346869122
C,Member,Fashion accessories,253.512,5514.411999999999,12041.8545,45.79371059499182
C,Member,Fashion accessories,78.005,5592.4169999999995,12041.8545,46.44149287802804
C,Member,Fashion accessories,33.495,5625.911999999999,12041.8545,46.71964770874785
C,Member,Fashion accessories,867.615,6493.526999999999,12041.8545,53.92464258723604
C,Member,Fashion accessories,718.757,7212.283999999999,12041.8545,59.89346574483191
C,Member,Fashion accessories,407.31600000000003,7619.5999999999985,12041.8545,63.27596799977943
C,Member,Fashion accessories,485.573,8105.172999999999,12041.8545,67.30834523868396
C,Member,Fashion accessories,273.798,8378.971,12041.8545,69.58206478910702
C,Member,Fashion accessories,369.495,8748.466,12041.8545,72.65048751419478
C,Member,Fashion accessories,943.2989999999999,9691.765,12041.8545,80.48399023588934
C,Member,Fashion accessories,829.08,10520.845,12041.8545,87.36897626524221
C,Member,Fashion accessories,232.155,10753.0,12041.8545,89.29687698850705
C,Member,Fashion accessories,175.035,10928.035,12041.8545,90.75043216972934
C,Member,Fashion accessories,16.202,10944.237,12041.8545,90.88497955194526
C,Member,Fashion accessories,1042.65,11986.886999999999,12041.8545,99.54352961165574
C,Member,Fashion accessories,54.9675,12041.8545,12041.8545,100.0
C,Member,Food and beverages,609.168,609.168,13057.445000000002,4.665292482564544
C,Member,Food and beverages,314.538,923.706,13057.445000000002,7.074171095493797
C,Member,Food and beverages,72.429,996.135,13057.445000000002,7.62886613728796
C,Member,Food and beverages,208.67700000000002,1204.812,13057.445000000002,9.227011869473696
C,Member,Food and beverages,417.564,1622.376,13057.445000000002,12.424911611728021
C,Member,Food and beverages,137.865,1760.241,13057.445000000002,13.480746041817522
C,Member,Food and beverages,829.08,2589.321,13057.445000000002,19.83022712330015
C,Member,Food and beverages,290.43,2879.7509999999997,13057.445000000002,22.05447543527849
C,Member,Food and beverages,404.544,3284.2949999999996,13057.445000000002,25.152661948796254
C,Member,Food and beverages,121.59000000000002,3405.8849999999998,13057.445000000002,26.083854842965064
C,Member,Food and beverages,935.267,4341.152,13057.445000000002,33.24656546514268
C,Member,Food and beverages,1034.46,5375.612,13057.445000000002,41.168942316050334
C,Member,Food and beverages,23.751,5399.363,13057.445000000002,41.350838544600414
C,Member,Food and beverages,671.7900000000001,6071.153,13057.445000000002,46.49571949183014
C,Member,Food and beverages,551.124,6622.277,13057.445000000002,50.71648396757558
C,Member,Food and beverages,40.341,6662.618,13057.445000000002,51.02543414887062
C,Member,Food and beverages,297.801,6960.419000000001,13057.445000000002,53.30613301453691
C,Member,Food and beverages,374.798,7335.217000000001,13057.445000000002,56.17651079518237
C,Member,Food and beverages,66.402,7401.619000000001,13057.445000000002,56.6850482617388
C,Member,Food and beverages,323.14799999999997,7724.767000000001,13057.445000000002,59.15986626786481
C,Member,Food and beverages,91.56,7816.327000000001,13057.445000000002,59.86107542478639
C,Member,Food and beverages,31.931,7848.258000000001,13057.445000000002,60.10561790610644
C,Member,Food and beverages,209.118,8057.376000000001,13057.445000000002,61.707141021846155
C,Member,Food and beverages,31.226999999999997,8088.603000000001,13057.445000000002,61.94629194302561
C,Member,Food and beverages,71.568,8160.171000000001,13057.445000000002,62.4943930455001
C,Member,Food and beverages,477.131,8637.302000000001,13057.445000000002,66.14848463845722
C,Member,Food and beverages,270.25950000000006,8907.561500000002,13057.445000000002,68.21825785978804
C,Member,Food and beverages,76.5765,8984.138,13057.445000000002,68.80471638976844
C,Member,Food and beverages,914.55,9898.688,13057.445000000002,75.80876656957008
C,Member,Food and beverages,575.7360000000001,10474.424,13057.445000000002,80.21802121318528
C,Member,Food and beverages,395.892,10870.316,13057.445000000002,83.24994667792971
C,Member,Food and beverages,250.27800000000002,11120.594000000001,13057.445000000002,85.16669225870758
C,Member,Food and beverages,88.368,11208.962000000001,13057.445000000002,85.84345559180989
C,Member,Food and beverages,337.512,11546.474000000002,13057.445000000002,88.42827980512267
C,Member,Food and beverages,822.255,12368.729000000001,13057.445000000002,94.72549185541276
C,Member,Food and beverages,688.716,13057.445000000002,13057.445000000002,100.0
C,Member,Health and beauty,131.922,131.922,8064.3275,1.635871063024164
C,Member,Health and beauty,480.029,611.951,8064.3275,7.588369891971774
C,Member,Health and beauty,239.4,851.351,8064.3275,10.556999328214287
C,Member,Health and beauty,106.50150000000001,957.8525,8064.3275,11.877648818205857
C,Member,Health and beauty,85.58550000000001,1043.4379999999999,8064.3275,12.938933841662555
C,Member,Health and beauty,309.362,1352.8,8064.3275,16.775112369878332
C,Member,Health and beauty,950.25,2303.05,8064.3275,28.558487983033924
C,Member,Health and beauty,293.139,2596.1890000000003,8064.3275,32.19349660588561
C,Member,Health and beauty,597.041,3193.2300000000005,8064.3275,39.59697817331948
C,Member,Health and beauty,720.3,3913.5300000000007,8064.3275,48.528907091136865
C,Member,Health and beauty,273.41999999999996,4186.950000000001,8064.3275,51.91939439463489
C,Member,Health and beauty,79.67399999999999,4266.624000000001,8064.3275,52.90737510350368
C,Member,Health and beauty,287.90999999999997,4554.534000000001,8064.3275,56.47754260972165
C,Member,Health and beauty,300.573,4855.107000000001,8064.3275,60.20473498875139
C,Member,Health and beauty,273.052,5128.159000000001,8064.3275,63.59065898551368
C,Member,Health and beauty,53.339999999999996,5181.499000000001,8064.3275,64.25209045639578
C,Member,Health and beauty,860.475,6041.974000000001,8064.3275,74.92223003096043
C,Member,Health and beauty,32.277,6074.251000000001,8064.3275,75.32247419267138
C,Member,Health and beauty,44.352000000000004,6118.603000000001,8064.3275,75.87245185664894
C,Member,Health and beauty,190.4805,6309.083500000001,8064.3275,78.23446530414347
C,Member,Health and beauty,218.075,6527.1585000000005,8064.3275,80.93865855522361
C,Member,Health and beauty,629.16,7156.3185,8064.3275,88.74042503854164
C,Member,Health and beauty,631.145,7787.4635,8064.3275,96.56680609759462
C,Member,Health and beauty,185.094,7972.5575,8064.3275,98.8620253827737
C,Member,Health and beauty,91.77000000000001,8064.3275,8064.3275,100.0
C,Member,Home and lifestyle,329.19599999999997,329.19599999999997,7652.422,4.301853713765394
C,Member,Home and lifestyle,127.25999999999999,456.45599999999996,7652.422,5.96485661663719
C,Member,Home and lifestyle,270.018,726.4739999999999,7652.422,9.493386538275072
C,Member,Home and lifestyle,14.679,741.1529999999999,7652.422,9.685208160239986
C,Member,Home and lifestyle,763.466,1504.619,7652.422,19.66199720820415
C,Member,Home and lifestyle,338.216,1842.835,7652.422,24.081722100532357
C,Member,Home and lifestyle,299.565,2142.4,7652.422,27.996365072391463
C,Member,Home and lifestyle,536.8439999999999,2679.244,7652.422,35.0117126316348
C,Member,Home and lifestyle,188.0025,2867.2465,7652.422,37.468483834268426
C,Member,Home and lifestyle,596.8199999999999,3464.0665,7652.422,45.26758325664737
C,Member,Home and lifestyle,455.122,3919.1884999999997,7652.422,51.2150074839051
C,Member,Home and lifestyle,175.0455,4094.234,7652.422,53.502459744117616
C,Member,Home and lifestyle,63.9135,4158.1475,7652.422,54.33766590499061
C,Member,Home and lifestyle,523.971,4682.1185000000005,7652.422,61.18479221349791
C,Member,Home and lifestyle,206.79749999999999,4888.916,7652.422,63.88717193066457
C,Member,Home and lifestyle,229.10999999999999,5118.026,7652.422,66.88112600167634
C,Member,Home and lifestyle,117.831,5235.857,7652.422,68.42091301289972
C,Member,Home and lifestyle,198.996,5434.853,7652.422,71.02134461481607
C,Member,Home and lifestyle,78.603,5513.456,7652.422,72.0485096091146
C,Member,Home and lifestyle,100.48499999999999,5613.941,7652.422,73.36162328737228
C,Member,Home and lifestyle,55.283,5669.224,7652.422,74.08404816148405
C,Member,Home and lifestyle,749.7,6418.924,7652.422,83.88094645067929
C,Member,Home and lifestyle,317.226,6736.15,7652.422,88.02637909932307
C,Member,Home and lifestyle,527.751,7263.901,7652.422,94.92290153365823
C,Member,Home and lifestyle,93.0405,7356.9415,7652.422,96.13873228632714
C,Member,Home and lifestyle,178.164,7535.1055,7652.422,98.46693635034764
C,Member,Home and lifestyle,26.733,7561.8385,7652.422,98.81627672911922
C,Member,Home and lifestyle,90.5835,7652.422,7652.422,100.0
C,Member,Sports and travel,132.5625,132.5625,8137.292500000001,1.629073798195161
C,Member,Sports and travel,153.048,285.6105,8137.292500000001,3.509895951263887
C,Member,Sports and travel,499.726,785.3365,8137.292500000001,9.651078660377513
C,Member,Sports and travel,71.52600000000001,856.8625,8137.292500000001,10.530068815886855
C,Member,Sports and travel,348.30600000000004,1205.1685,8137.292500000001,14.810436026479321
C,Member,Sports and travel,184.08599999999998,1389.2545,8137.292500000001,17.072687260535368
C,Member,Sports and travel,84.977,1474.2315,8137.292500000001,18.11697809805903
C,Member,Sports and travel,77.931,1552.1625000000001,8137.292500000001,19.074679938075224
C,Member,Sports and travel,266.028,1818.1905000000002,8137.292500000001,22.34392459162553
C,Member,Sports and travel,256.7775,2074.9680000000003,8137.292500000001,25.499488927060195
C,Member,Sports and travel,663.296,2738.264,8137.292500000001,33.65079969781103
C,Member,Sports and travel,221.886,2960.15,8137.292500000001,36.377578906005894
C,Member,Sports and travel,388.28999999999996,3348.44,8137.292500000001,41.14931348479853
C,Member,Sports and travel,429.167,3777.607,8137.292500000001,46.42338959795288
C,Member,Sports and travel,254.01600000000002,4031.623,8137.292500000001,49.545017584165734
C,Member,Sports and travel,377.58000000000004,4409.203,8137.292500000001,54.18513590361904
C,Member,Sports and travel,120.645,4529.848000000001,8137.292500000001,55.66775435441211
C,Member,Sports and travel,419.832,4949.680000000001,8137.292500000001,60.82711172051392
C,Member,Sports and travel,856.454,5806.134000000001,8137.292500000001,71.35216043911412
C,Member,Sports and travel,44.9925,5851.126500000001,8137.292500000001,71.90507776388769
C,Member,Sports and travel,942.9,6794.026500000001,8137.292500000001,83.49247000768376
C,Member,Sports and travel,183.036,6977.062500000001,8137.292500000001,85.74181768690262
C,Member,Sports and travel,10.679,6987.741500000001,8137.292500000001,85.87305298414675
C,Member,Sports and travel,341.093,7328.834500000001,8137.292500000001,90.06477891755765
C,Member,Sports and travel,77.175,7406.009500000001,8137.292500000001,91.01319019809107
C,Member,Sports and travel,125.979,7531.988500000001,8137.292500000001,92.56135870745705
C,Member,Sports and travel,32.529,7564.517500000002,8137.292500000001,92.9611108363132
C,Member,Sports and travel,572.775,8137.292500000001,8137.292500000001,100.0
C,Normal,Electronic accessories,192.843,192.843,11041.024500000001,1.7466042213745652
C,Normal,Electronic accessories,484.974,677.817,11041.024500000001,6.139077039454082
C,Normal,Electronic accessories,616.98,1294.797,11041.024500000001,11.72714542930323
C,Normal,Electronic accessories,235.746,1530.5430000000001,11041.024500000001,13.862327721489976
C,Normal,Electronic accessories,733.604,2264.147,11041.024500000001,20.506674901409735
C,Normal,Electronic accessories,708.32,2972.467,11041.024500000001,26.92202159319545
C,Normal,Electronic accessories,87.234,3059.701,11041.024500000001,27.712111317206112
C,Normal,Electronic accessories,80.21999999999998,3139.921,11041.024500000001,28.438674327731086
C,Normal,Electronic accessories,344.4,3484.321,11041.024500000001,31.55795007972312
C,Normal,Electronic accessories,104.675,3588.996,11041.024500000001,32.506005217178895
C,Normal,Electronic accessories,48.510000000000005,3637.5060000000003,11041.024500000001,32.94536661883143
C,Normal,Electronic accessories,31.752,3669.2580000000003,11041.024500000001,33.23294862718582
C,Normal,Electronic accessories,62.002500000000005,3731.2605000000003,11041.024500000001,33.794513362414875
C,Normal,Electronic accessories,722.2320000000001,4453.4925,11041.024500000001,40.33586285403134
C,Normal,Electronic accessories,139.923,4593.4155,11041.024500000001,41.603163728148594
C,Normal,Electronic accessories,451.364,5044.7795,11041.024500000001,45.69122638936268
C,Normal,Electronic accessories,55.881,5100.6605,11041.024500000001,46.19734790009749
C,Normal,Electronic accessories,681.975,5782.6355,11041.024500000001,52.37408448826465
C,Normal,Electronic accessories,218.01149999999998,6000.647,11041.024500000001,54.34864309919789
C,Normal,Electronic accessories,132.762,6133.409,11041.024500000001,55.551085861642626
C,Normal,Electronic accessories,204.69750000000002,6338.1065,11041.024500000001,57.40505783679766
C,Normal,Electronic accessories,353.094,6691.2005,11041.024500000001,60.6030762815534
C,Normal,Electronic accessories,150.0975,6841.298,11041.024500000001,61.962528930173086
C,Normal,Electronic accessories,586.6349999999999,7427.933,11041.024500000001,67.2757586943132
C,Normal,Electronic accessories,627.616,8055.549,11041.024500000001,72.96015872440097
C,Normal,Electronic accessories,223.587,8279.136,11041.024500000001,74.98521536656312
C,Normal,Electronic accessories,121.128,8400.264000000001,11041.024500000001,76.08228747250764
C,Normal,Electronic accessories,437.325,8837.589000000002,11041.024500000001,80.0431970783146
C,Normal,Electronic accessories,175.14000000000001,9012.729000000001,11041.024500000001,81.62946291804714
C,Normal,Electronic accessories,259.77,9272.499000000002,11041.024500000001,83.98223371390944
C,Normal,Electronic accessories,264.7575,9537.256500000001,11041.024500000001,86.38017694825331
C,Normal,Electronic accessories,343.224,9880.480500000001,11041.024500000001,89.48880151475075
C,Normal,Electronic accessories,478.233,10358.713500000002,11041.024500000001,93.82022021597724
C,Normal,Electronic accessories,78.43499999999999,10437.148500000001,11041.024500000001,94.53061624851932
C,Normal,Electronic accessories,603.876,11041.024500000001,11041.024500000001,100.0
C,Normal,Fashion accessories,472.31100000000004,472.31100000000004,9518.218499999999,4.962178584154168
C,Normal,Fashion accessories,102.396,574.707,9518.218499999999,6.037968134478107
C,Normal,Fashion accessories,165.44850000000002,740.1555000000001,9518.218499999999,7.7761978252548
C,Normal,Fashion accessories,299.849,1040.0045,9518.218499999999,10.92646171129608
C,Normal,Fashion accessories,652.89,1692.8944999999999,9518.218499999999,17.785833556983377
C,Normal,Fashion accessories,742.297,2435.1915,9518.218499999999,25.584530340420322
C,Normal,Fashion accessories,13.419,2448.6105,9518.218499999999,25.72551260511618
C,Normal,Fashion accessories,408.492,2857.1025,9518.218499999999,30.01719807125672
C,Normal,Fashion accessories,85.113,2942.2155,9518.218499999999,30.911409524797104
C,Normal,Fashion accessories,193.4625,3135.678,9518.218499999999,32.943958998209595
C,Normal,Fashion accessories,401.72999999999996,3537.408,9518.218499999999,37.16460175819667
C,Normal,Fashion accessories,310.716,3848.124,9518.218499999999,40.42903616890072
C,Normal,Fashion accessories,125.05499999999999,3973.1789999999996,9518.218499999999,41.742884973695446
C,Normal,Fashion accessories,400.764,4373.942999999999,9518.218499999999,45.95337877566059
C,Normal,Fashion accessories,625.905,4999.847999999999,9518.218499999999,52.52924168530067
C,Normal,Fashion accessories,265.104,5264.951999999999,9518.218499999999,55.31446877375215
C,Normal,Fashion accessories,209.62199999999999,5474.574,9518.218499999999,57.516792664509644
C,Normal,Fashion accessories,144.081,5618.655,9518.218499999999,59.03053181643183
C,Normal,Fashion accessories,333.984,5952.639,9518.218499999999,62.53942373775094
C,Normal,Fashion accessories,17.094,5969.733,9518.218499999999,62.71901616883455
C,Normal,Fashion accessories,59.325,6029.058,9518.218499999999,63.34229456909401
C,Normal,Fashion accessories,284.193,6313.251,9518.218499999999,66.32807389323959
C,Normal,Fashion accessories,507.44399999999996,6820.695,9518.218499999999,71.65936566806069
C,Normal,Fashion accessories,172.494,6993.188999999999,9518.218499999999,73.47161656354075
C,Normal,Fashion accessories,394.275,7387.463999999999,9518.218499999999,77.61393584314123
C,Normal,Fashion accessories,180.873,7568.336999999999,9518.218499999999,79.51421791798538
C,Normal,Fashion accessories,131.208,7699.544999999998,9518.218499999999,80.8927111727893
C,Normal,Fashion accessories,446.439,8145.983999999999,9518.218499999999,85.5830741855737
C,Normal,Fashion accessories,652.2599999999999,8798.243999999999,9518.218499999999,92.43582714559453
C,Normal,Fashion accessories,239.589,9037.832999999999,9518.218499999999,94.95298936455387
C,Normal,Fashion accessories,69.09,9106.922999999999,9518.218499999999,95.67886049264366
C,Normal,Fashion accessories,343.05600000000004,9449.979,9518.218499999999,99.28306436755996
C,Normal,Fashion accessories,68.23949999999999,9518.218499999999,9518.218499999999,100.0
C,Normal,Food and beverages,248.409,248.409,10709.4125,2.3195390036568297
C,Normal,Food and beverages,103.824,352.233,10709.4125,3.289003948629302
C,Normal,Food and beverages,154.12949999999998,506.36249999999995,10709.4125,4.728200543213737
C,Normal,Food and beverages,173.208,679.5704999999999,10709.4125,6.345544165004381
C,Normal,Food and beverages,829.7099999999999,1509.2804999999998,10709.4125,14.093027978892398
C,Normal,Food and beverages,497.07000000000005,2006.3505,10709.4125,18.734459056460846
C,Normal,Food and beverages,814.38,2820.7305,10709.4125,26.33879776318262
C,Normal,Food and beverages,85.743,2906.4735,10709.4125,27.139429917374084
C,Normal,Food and beverages,939.5400000000001,3846.0135,10709.4125,35.91246018397367
C,Normal,Food and beverages,509.407,4355.4205,10709.4125,40.66908899064258
C,Normal,Food and beverages,89.0715,4444.492,10709.4125,41.500801281116026
C,Normal,Food and beverages,55.041000000000004,4499.533,10709.4125,42.014751042599215
C,Normal,Food and beverages,209.55900000000003,4709.092000000001,10709.4125,43.97152504864296
C,Normal,Food and beverages,161.7,4870.792,10709.4125,45.48141179546497
C,Normal,Food and beverages,360.927,5231.719,10709.4125,48.85159666788444
C,Normal,Food and beverages,554.148,5785.867,10709.4125,54.025998158162274
C,Normal,Food and beverages,90.867,5876.734,10709.4125,54.874476074201084
C,Normal,Food and beverages,321.111,6197.845,10709.4125,57.87287584636412
C,Normal,Food and beverages,133.434,6331.279,10709.4125,59.11882654627413
C,Normal,Food and beverages,793.548,7124.827,10709.4125,66.52864477860014
C,Normal,Food and beverages,212.73000000000002,7337.557000000001,10709.4125,68.51502825201663
C,Normal,Food and beverages,216.6885,7554.245500000001,10709.4125,70.53837453735207
C,Normal,Food and beverages,881.307,8435.552500000002,10709.4125,78.76764948590785
C,Normal,Food and beverages,294.651,8730.203500000001,10709.4125,81.5189768813182
C,Normal,Food and beverages,37.685,8767.888500000001,10709.4125,81.87086359779308
C,Normal,Food and beverages,51.041,8818.9295,10709.4125,82.34746303777169
C,Normal,Food and beverages,22.659,8841.5885,10709.4125,82.55904327151465
C,Normal,Food and beverages,568.512,9410.1005,10709.4125,87.86756976631538
C,Normal,Food and beverages,936.6,10346.7005,10709.4125,96.61314754660911
C,Normal,Food and beverages,362.712,10709.4125,10709.4125,100.0
C,Normal,Health and beauty,132.027,132.027,8551.000499999998,1.5439947641214617
C,Normal,Health and beauty,734.7059999999999,866.733,8551.000499999998,10.136041975439015
C,Normal,Health and beauty,91.4025,958.1355,8551.000499999998,11.204951981934748
C,Normal,Health and beauty,42.3675,1000.5029999999999,8551.000499999998,11.70042031923633
C,Normal,Health and beauty,130.8825,1131.3854999999999,8551.000499999998,13.231030684654973
C,Normal,Health and beauty,461.32800000000003,1592.7134999999998,8551.000499999998,18.626048495728657
C,Normal,Health and beauty,439.215,2031.9284999999998,8551.000499999998,23.762464988746057
C,Normal,Health and beauty,579.842,2611.7704999999996,8551.000499999998,30.54344927239801
C,Normal,Health and beauty,888.405,3500.1754999999994,8551.000499999998,40.93293527465003
C,Normal,Health and beauty,470.988,3971.163499999999,8551.000499999998,46.44092232248145
C,Normal,Health and beauty,291.438,4262.601499999999,8551.000499999998,49.849155078402816
C,Normal,Health and beauty,512.1899999999999,4774.791499999998,8551.000499999998,55.83898047953569
C,Normal,Health and beauty,94.2375,4869.028999999999,8551.000499999998,56.94104450116684
C,Normal,Health and beauty,122.472,4991.500999999998,8551.000499999998,58.37329795501707
C,Normal,Health and beauty,282.576,5274.076999999998,8551.000499999998,61.677893715478085
C,Normal,Health and beauty,277.788,5551.864999999998,8551.000499999998,64.92649602815482
C,Normal,Health and beauty,41.391000000000005,5593.255999999998,8551.000499999998,65.41054464913198
C,Normal,Health and beauty,183.12,5776.3759999999975,8551.000499999998,67.55204844158293
C,Normal,Health and beauty,618.975,6395.350999999998,8551.000499999998,74.79067507948338
C,Normal,Health and beauty,390.946,6786.296999999998,8551.000499999998,79.36260791938906
C,Normal,Health and beauty,174.3,6960.596999999998,8551.000499999998,81.40096588697428
C,Normal,Health and beauty,106.99499999999999,7067.591999999998,8551.000499999998,82.65222297671482
C,Normal,Health and beauty,442.323,7509.914999999998,8551.000499999998,87.82498609373253
C,Normal,Health and beauty,57.697500000000005,7567.612499999998,8551.000499999998,88.4997316980627
C,Normal,Health and beauty,288.204,7855.816499999998,8551.000499999998,91.87014431819995
C,Normal,Health and beauty,70.28699999999999,7926.103499999998,8551.000499999998,92.69211830826113
C,Normal,Health and beauty,624.8969999999999,8551.000499999998,8551.000499999998,100.0
C,Normal,Home and lifestyle,548.1840000000001,548.1840000000001,6243.1325,8.78059211461554
C,Normal,Home and lifestyle,1003.5899999999999,1551.774,6243.1325,24.855695438147436
C,Normal,Home and lifestyle,772.38,2324.154,6243.1325,37.22736943353357
C,Normal,Home and lifestyle,369.68399999999997,2693.8379999999997,6243.1325,43.14881992333176
C,Normal,Home and lifestyle,38.85,2732.6879999999996,6243.1325,43.77110368873318
C,Normal,Home and lifestyle,24.108,2756.796,6243.1325,44.15725599288498
C,Normal,Home and lifestyle,122.52450000000002,2879.3205,6243.1325,46.1198044411199
C,Normal,Home and lifestyle,293.202,3172.5225,6243.1325,50.81619683708459
C,Normal,Home and lifestyle,145.74,3318.2625,6243.1325,53.15060188134723
C,Normal,Home and lifestyle,194.124,3512.3864999999996,6243.1325,56.26000249073682
C,Normal,Home and lifestyle,441.693,3954.0795,6243.1325,63.33486434894662
C,Normal,Home and lifestyle,408.734,4362.8135,6243.1325,69.88180212417406
C,Normal,Home and lifestyle,190.596,4553.4095,6243.1325,72.93469264027313
C,Normal,Home and lifestyle,1023.75,5577.1595,6243.1325,89.33271078260793
C,Normal,Home and lifestyle,351.099,5928.2585,6243.1325,94.9564741738222
C,Normal,Home and lifestyle,148.974,6077.2325,6243.1325,97.34268013693446
C,Normal,Home and lifestyle,165.9,6243.1325,6243.1325,100.0
C,Normal,Sports and travel,440.93699999999995,440.93699999999995,7624.6385,5.783054501534728
C,Normal,Sports and travel,471.03000000000003,911.967,7624.6385,11.960790009913257
C,Normal,Sports and travel,224.4375,1136.4045,7624.6385,14.904372187612568
C,Normal,Sports and travel,310.59000000000003,1446.9945000000002,7624.6385,18.977876787207684
C,Normal,Sports and travel,680.148,2127.1425000000004,7624.6385,27.898273472243968
C,Normal,Sports and travel,543.753,2670.8955000000005,7624.6385,35.02979846192053
C,Normal,Sports and travel,160.44,2831.3355000000006,7624.6385,37.13402937070394
C,Normal,Sports and travel,1002.12,3833.4555000000005,7624.6385,50.27720986378568
C,Normal,Sports and travel,150.78,3984.2355000000007,7624.6385,52.25474624141198
C,Normal,Sports and travel,207.48,4191.7155,7624.6385,54.97592443235178
C,Normal,Sports and travel,517.9649999999999,4709.6805,7624.6385,61.7692301084176
C,Normal,Sports and travel,610.4910000000001,5320.1715,7624.6385,69.77604905465354
C,Normal,Sports and travel,701.852,6022.0235,7624.6385,78.98110185814055
C,Normal,Sports and travel,937.818,6959.8415,7624.6385,91.28093745034602
C,Normal,Sports and travel,23.499,6983.3405,7624.6385,91.58913566853039
C,Normal,Sports and travel,30.219,7013.5595,7624.6385,91.98546921273712
C,Normal,Sports and travel,611.0790000000001,7624.6385,7624.6385,100.0
